number_of_data_stored,total_storage_used,best_upload_time,best_read_time,size_stored
1039250,152099843.854345,2537272.438967,5707282.591939,121679875.083476
