number_of_data_stored,total_storage_used,best_upload_time,best_read_time,size_stored
1039250,152099843.854345,2952114.420768,50139284.030562,121679875.083476
