algorithm,total_scheduling_time,total_storage_used,total_upload_time,total_parralelized_upload_time,number_of_data_stored,total_N,mean_storage_used,mean_upload_time,mean_N,initial_node_sizes,final_node_sizes,total_chunking_time,mean_chunking_time,mean_parralelized_upload_time,total_read_time,mean_read_time,total_read_time_parrallelized,mean_read_time_parrallelized,total_reconstruct_time,mean_reconstruct_time
glusterfs_6_4_c, 0.000006, 2598000.000000, 12414.866599, 2278.947368, 5, 30, 519600.000000, 2482.973320, 6.000000, "[14000000.000000, 16000000.000000, 14000000.000000, 12000000.000000, 12000000.000000, 12000000.000000, 16000000.000000, 8000000.000000, 4000000.000000, 12000000.000000]", "[13567000.000000, 15567000.000000, 13567000.000000, 11567000.000000, 11567000.000000, 11567000.000000, 16000000.000000, 8000000.000000, 4000000.000000, 12000000.000000]", 45071.757512, 9014.351502, 455.789474, 11714.351968, 2342.870394, 2291.005291, 458.201058, 797387.884550, 159477.576910
