number_of_data_stored,total_storage_used,best_upload_time,best_read_time,size_stored
1039250,136281000.694618,2405144.162160,47190587.619640,121679875.083476
