number_of_data_stored,total_storage_used,best_upload_time,best_read_time,size_stored
1039250,155849788.829853,2870021.402266,5709894.754046,121679875.083476
