number_of_data_stored,total_storage_used,best_upload_time,best_read_time,size_stored
1039250,173828392.976418,3109140.419610,5707282.591939,121679875.083476
