algorithm,total_scheduling_time,total_storage_used,total_upload_time,total_parralelized_upload_time,number_of_data_stored,total_N,mean_storage_used,mean_upload_time,mean_N,initial_node_sizes,final_node_sizes,total_chunking_time,mean_chunking_time,mean_parralelized_upload_time
alg4, 741.710016, 184687274.826698, 1088485.794721, 207305.411185, 1039250, 7948645, 177.712076, 1.047376, 7.648444, "[14000000.000000, 18000000.000000, 12000000.000000, 10000000.000000, 8000000.000000, 12000000.000000, 12000000.000000, 8000000.000000, 14000000.000000, 4000000.000000]", "[-235914.476576, -4733640.902270, -11410689.743064, -11410686.342417, -5267805.255562, -11410689.302780, -11410685.682965, -5267791.075891, -235889.209800, -11303482.835450]", 3349675.761838, 3.223166, 0.199476
alg2, 118.345923, 176519812.781106, 1009196.149663, 201710.432769, 1039250, 6747962, 169.853079, 0.971081, 6.493108, "[14000000.000000, 18000000.000000, 12000000.000000, 10000000.000000, 8000000.000000, 12000000.000000, 12000000.000000, 8000000.000000, 14000000.000000, 4000000.000000]", "[14000000.000000, -5419968.866074, -15419968.848816, -17419968.848817, -15419968.866085, -15419968.848816, -7999999.368704, -7419969.445583, 14000000.000000, -7999999.688212]", 3105814.868386, 2.988516, 0.194092
