algorithm,total_scheduling_time,total_storage_used,total_upload_time,total_parralelized_upload_time,number_of_data_stored,total_N,mean_storage_used,mean_upload_time,mean_N,initial_node_sizes,final_node_sizes,total_chunking_time,mean_chunking_time,mean_parralelized_upload_time
alg4, 1759.890957, 184508058.296867, 1073099.912355, 212661.389432, 1039250, 7122997, 177.539628, 1.032571, 6.853978, "[14000000.000000, 18000000.000000, 12000000.000000, 10000000.000000, 8000000.000000, 12000000.000000, 12000000.000000, 8000000.000000, 14000000.000000, 4000000.000000]", "[9806996.593664, -8642655.821147, -15232842.521787, -13360694.290844, -8183428.246206, -13429088.166227, -13429074.590963, -8218611.222845, 10216512.076772, -12035172.107322]", 3270258.419649, 3.146749, 0.204630
alg2, 122.202569, 182519812.625214, 1046957.328303, 226942.493194, 1039250, 6235500, 175.626474, 1.007416, 6.000000, "[14000000.000000, 18000000.000000, 12000000.000000, 10000000.000000, 8000000.000000, 12000000.000000, 12000000.000000, 8000000.000000, 14000000.000000, 4000000.000000]", "[14000000.000000, -12419968.770869, -18419968.770869, -16419968.918113, -3999999.708269, -15999999.319197, -14419968.843110, -6419969.184883, 14000000.000000, -10419969.109904]", 3146202.670537, 3.027378, 0.218371
