number_of_data_stored,total_storage_used,best_upload_time,best_read_time,size_stored
1039250,202799791.805816,3684541.497672,5717911.869103,121679875.083476
