algorithm,total_scheduling_time,total_storage_used,total_upload_time,total_parralelized_upload_time,number_of_data_stored,total_N,mean_storage_used,mean_upload_time,mean_N,initial_node_sizes,final_node_sizes,total_chunking_time,mean_chunking_time,mean_parralelized_upload_time
alg4, 118.781172, 10815988.896309, 63534.384019, 9832.717178, 83140, 831400, 130.093684, 0.764186, 10.000000, "[14000000.000000, 16000000.000000, 14000000.000000, 12000000.000000, 12000000.000000, 12000000.000000, 16000000.000000, 8000000.000000, 4000000.000000, 12000000.000000]", "[12918401.110369, 14918401.110369, 12918401.110369, 10918401.110369, 10918401.110369, 10918401.110369, 14918401.110369, 6918401.110369, 2918401.110369, 10918401.110369]", 181185.405804, 2.179281, 0.118267
alg2, 6.353972, 10815988.896309, 63534.384019, 9832.717178, 83140, 831400, 130.093684, 0.764186, 10.000000, "[14000000.000000, 16000000.000000, 14000000.000000, 12000000.000000, 12000000.000000, 12000000.000000, 16000000.000000, 8000000.000000, 4000000.000000, 12000000.000000]", "[12918401.110369, 14918401.110369, 12918401.110369, 10918401.110369, 10918401.110369, 10918401.110369, 14918401.110369, 6918401.110369, 2918401.110369, 10918401.110369]", 181185.405804, 2.179281, 0.118267
