number_of_data_stored,total_storage_used,best_upload_time,best_read_time,size_stored
1014272,157863816.829776,2938769.236727,5627681.584944,118753865.481490
