number_of_data_stored,total_storage_used,best_upload_time,best_read_time,size_stored
256351,156217965.216538,2891861.633215,5488149.459693,122000134.700842
