number_of_data_stored,total_storage_used,best_upload_time,best_read_time,size_stored
1039250,304199687.708691,4601381.169240,5776003.417232,121679875.083476
