number_of_data_stored,total_storage_used,best_upload_time,best_read_time,size_stored
1014272,176578393.544959,3034261.837466,5627681.584944,118753865.481490
