ID, Size, Total Transfer Time, Transfer Time Parralelized, Chunking Time, N, K
0, 2000.4, 13.056204005041984, 2.0206060606139626, 37.48190578310011, 10, 9
1, 1000000.8, 6526.8018646111095, 1010.1018181818114, 18737.220440224326, 10, 9
2, 330000.0, 2153.8428922473354, 333.3333333333277, 6183.2777986517885, 10, 9
