ID, Size, Total Transfer Time, Transfer Time Parralelized, Chunking Time, N, K
0, 2000.400024, 13.056204, 2.020606, 37.481906, 10, 9
1, 1000000.812500, 6526.801946, 1010.101831, 18737.220674, 10, 9
2, 330000.000000, 2153.842892, 333.333333, 6183.277799, 10, 9
