ID, Size, Total Transfer Time, Transfer Time Parralelized, Chunking Time, N, K
0, 2000.4, 14.338740845270022, 2.632105263155934, 52.056318548866194, 6, 4
1, 1000000.8, 7167.942569622744, 1315.7905263157857, 26022.975501860143, 6, 4
2, 330000.0, 2365.4191556401884, 434.2105263157895, 8587.575045553811, 6, 4
