ID, Size, Total Transfer Time, Transfer Time Parralelized, Chunking Time, N, K
0, 2000.4, 16.553396916612627, 2.976785714284883, 57.03587929663136, 9, 6
1, 1000000.8, 8275.050069644005, 1488.096428571427, 28512.260010665264, 9, 6
2, 330000.0, 2730.764338371043, 491.07142857142856, 9409.038276288915, 9, 6
