ID, Size, Total Transfer Time, Transfer Time Parralelized, Chunking Time, N, K
0, 2000.4, 15.608847442847853, 3.4549222797966066, 53.427011694294904, 5, 3
1, 1000000.8, 7802.869391075958, 1727.117098445594, 26708.18558083596, 5, 3
2, 330000.0, 2574.944839099198, 569.9481865284974, 8813.694190720513, 5, 3
