ID, Size, Total Transfer Time, Transfer Time Parralelized, Chunking Time, N, K
0, 2000.4, 26.30746076830571, 9.617307692309483, 56.1683979851523, 3, 1
1, 1000000.8, 13151.110684997726, 4807.696153846157, 28078.605738787584, 3, 1
2, 330000.0, 4339.863054158803, 1586.5384615384614, 9265.932481053918, 3, 1
