ID, Size, Total Transfer Time, Transfer Time Parralelized, Chunking Time, N, K
0, 2000.4, 26.983636044737942, 4.546363636360249, 75.2191596647339, 9, 4
1, 1000000.8, 12095.95746119443, 3030.305454545451, 30567.890247592706, 6, 3
2, 330000.0, 5541.223448162836, 1000.0, 12634.798753926045, 8, 3
