ID, Size, Total Transfer Time, Transfer Time Parralelized, Chunking Time, N, K
0, 2000.4, 15.474642412564657, 3.6370909090915866, 50.68562540343749, 7, 5
1, 1000000.8, 11333.634378487666, 3030.305454545451, 26708.18558083596, 5, 3
2, 330000.0, 4030.7301662836244, 750.0, 11134.97808769083, 8, 4
