number_of_data_stored,total_storage_used,best_upload_time,best_read_time,size_stored
1039250,608399375.417382,6694233.908463,5979128.926295,121679875.083476
