number_of_data_stored,total_storage_used,best_upload_time,best_read_time,size_stored
1039250,153704096.249317,2785705.653625,5711921.262698,121679875.083476
