algorithm,total_scheduling_time,total_storage_used,total_upload_time,total_parralelized_upload_time,number_of_data_stored,total_N,mean_storage_used,mean_upload_time,mean_N,initial_node_sizes,final_node_sizes,total_chunking_time,mean_chunking_time,mean_parralelized_upload_time,total_read_time,mean_read_time,total_read_time_parrallelized,mean_read_time_parrallelized,total_reconstruct_time,mean_reconstruct_time
hdfs_rs_0_0_c, 0.000015, 2508000.000000, 13238.633215, 1656.210579, 5, 50, 501600.000000, 2647.726643, 10.000000, "[14000000.000000, 16000000.000000, 14000000.000000, 12000000.000000, 12000000.000000, 12000000.000000, 16000000.000000, 8000000.000000, 4000000.000000, 12000000.000000, 14000000.000000, 14000000.000000, 14000000.000000, 14000000.000000]", "[13771333.333333, 15771333.333333, 13771333.333333, 11771333.333333, 11771333.333333, 11771333.333333, 15838000.000000, 7838000.000000, 3893000.000000, 11910000.000000, 13788333.333333, 13843333.333333, 13843333.333333, 13910000.000000]", 50390.171942, 10078.034388, 331.242116, 12744.851655, 2548.970331, 1607.654075, 321.530815, 632711.865908, 126542.373182
