algorithm,total_scheduling_time,total_storage_used,total_upload_time,total_parralelized_upload_time,number_of_data_stored,total_N,mean_storage_used,mean_upload_time,mean_N,initial_node_sizes,final_node_sizes,total_chunking_time,mean_chunking_time,mean_parralelized_upload_time
alg4, 1451.923720, 137883296.786621, 775620.775957, 140854.426709, 1039250, 9108403, 132.675773, 0.746327, 8.764400, "[14000000.000000, 16000000.000000, 14000000.000000, 12000000.000000, 12000000.000000, 12000000.000000, 16000000.000000, 8000000.000000, 4000000.000000, 12000000.000000]", "[-2192213.578126, -203421.703129, -2192190.940609, -2192223.320584, -2192219.458030, -2192207.155665, -203421.703129, -2191622.935729, -2191612.467999, -2132163.523607]", 2362196.209244, 2.272982, 0.135535
alg2, 81.326291, 136389859.476902, 767807.478967, 133077.780202, 1039250, 9660739, 131.238739, 0.738809, 9.295876, "[14000000.000000, 16000000.000000, 14000000.000000, 12000000.000000, 12000000.000000, 12000000.000000, 16000000.000000, 8000000.000000, 4000000.000000, 12000000.000000]", "[-709984.393424, 1290015.606576, -709984.393424, -2709984.393424, -2709984.393424, -2709984.393424, 1290015.606576, -6709984.393425, -3999999.926335, 1290015.596831]", 2322491.049912, 2.234776, 0.128052
