algorithm,total_scheduling_time,total_storage_used,total_upload_time,total_parralelized_upload_time,number_of_data_stored
alg1, 0.05401015281677246, 555555.5555592328, 3263.398321607189, 505.05050505427084, 1000
alg4, 76.4484634399414, 750000.0, 3710.085307868198, 1488.0952380952035, 1000
