algorithm,total_scheduling_time,total_storage_used,total_upload_time,total_parralelized_upload_time,number_of_data_stored,total_N,mean_storage_used,mean_upload_time,mean_N,initial_node_sizes,final_node_sizes
alg1, 0.00047135353088378906, 1142857.1428571548, 6874.830433219276, 1020.4081632653085, 4, 40, 285714.2857142887, 1718.707608304819, 10.0, "[14000000, 14000000, 8000000, 8000000, 18000000, 4000000, 10000000, 12000000, 12000000, 12000000]", "[13885714.285714284, 13885714.285714284, 7885714.285714287, 7885714.285714287, 17885714.285714284, 3885714.2857142854, 9885714.285714284, 11885714.285714284, 11885714.285714284, 11885714.285714284]"
alg4, 0.34814953804016113, 960000.0, 5752.956877378514, 1428.5714285714287, 4, 24, 240000.0, 1438.2392193446285, 6.0, "[14000000, 14000000, 8000000, 8000000, 18000000, 4000000, 10000000, 12000000, 12000000, 12000000]", "[14000000, 14000000, 8000000, 8000000, 17840000.0, 3840000.0, 9840000.0, 11840000.0, 11840000.0, 11840000.0]"
