algorithm,total_scheduling_time,total_storage_used,total_upload_time,total_parralelized_upload_time,number_of_data_stored,total_N,mean_storage_used,mean_upload_time,mean_N,initial_node_sizes,final_node_sizes
hdfsrs_3_2, 0.0887613296508789, 139666666.66666174, 671474.3589743671, 134294.87179487056, 838, 4190, 166666.66666666078, 801.282051282061, 5.0, "[14000000, 14000000, 14000000, 14000000, 14000000, 14000000, 14000000, 14000000, 14000000, 14000000]", "[33333.33333326024, 33333.33333326024, 33333.33333326024, 33333.33333326024, 33333.33333326024, 33333.33333326024, 33333.33333326024, 33333.33333326024, 33333.33333326024, 33333.33333326024]"
