algorithm,total_scheduling_time,total_storage_used,total_upload_time,total_parralelized_upload_time,number_of_data_stored,total_N,mean_storage_used,mean_upload_time,mean_N
alg1, 0.04600787162780762, 39503.28571429383, 237.6310919856988, 35.270790816326304, 201, 2010, 196.53375977260612, 1.1822442387348198, 10.0
alg4, 36.58215665817261, 33182.76000004448, 198.85311182565857, 49.379107142848504, 201, 1206, 165.0883582091765, 0.989318964306759, 6.0
random, 0.0436704158782959, 100254.33357149363, 603.0392969557428, 120.60700642816552, 201, 1502, 498.77777896265485, 3.0001955072425015, 7.472636815920398
hdfs_three_replications, 0.023161888122558594, 82956.90000002459, 411.41135406903527, 125.98500342593161, 201, 906, 412.7208955225104, 2.046822657059877, 4.507462686567164
hdfsrs_3_2, 0.01522207260131836, 46087.166666666046, 232.62785661535543, 50.36848816032335, 201, 1005, 229.2893864013236, 1.157352520474405, 5.0
hdfsrs_6_3, 0.01729583740234375, 41478.450000014156, 236.08701803096815, 36.869733333393924, 201, 1809, 206.36044776126445, 1.1745622787610357, 9.0
glusterfs_6_4, 0.019326210021972656, 41478.44999996945, 213.97417817566398, 39.50328571427082, 201, 1206, 206.36044776104205, 1.0645481501276814, 6.0
