algorithm,total_scheduling_time,total_storage_used,total_upload_time,total_parralelized_upload_time,number_of_data_stored,total_N,mean_storage_used,mean_upload_time,mean_N
alg1, 0.3650991916656494, 101714285.71428692, 590982.4277364868, 99459.1836734695, 349, 3060, 291444.94474007713, 1693.3593917950911, 8.767908309455587
alg4, 85.93958783149719, 100733333.33333427, 573147.1063743652, 194018.9244927447, 360, 1304, 279814.8148148174, 1592.0752954843476, 3.6222222222222222
random, 0.7535121440887451, 93269047.61904761, 544684.1116610526, 123240.98127202684, 143, 952, 652231.1022311022, 3808.9798018255424, 6.6573426573426575
hdfs_three_replications, 0.36490488052368164, 39600000, 238223.60990899685, 35376.0, 66, 660, 600000.0, 3609.4486349848007, 10.0
hdfsrs_3_2, 0.025904417037963867, 89333333.3333338, 503887.0906797697, 126532.50065053311, 268, 1340, 333333.3333333351, 1880.175711491678, 5.0
hdfsrs_6_3, 0.02538585662841797, 72000000.0000023, 409809.55889677926, 64000.00000000065, 240, 2160, 300000.00000000955, 1707.5398287365801, 9.0
glusterfs_6_4, 0.024211883544921875, 84000000.0, 459917.43289021373, 95571.42857142822, 280, 1680, 300000.0, 1642.5622603221918, 6.0
