algorithm,total_scheduling_time,total_storage_used,total_upload_time,total_parralelized_upload_time,number_of_data_stored,total_N,mean_storage_used,mean_upload_time,mean_N,initial_node_sizes,final_node_sizes
alg1, 0.0011227130889892578, 0.0, 0.0, 0.0, 4, 40, 0.0, 0.0, 10.0, [14000000, 14000000, 8000000, 8000000, 18000000, 4000000, 10000000, 12000000, 12000000, 12000000], [14000000.0, 14000000.0, 8000000.0, 8000000.0, 18000000.0, 4000000.0, 10000000.0, 12000000.0, 12000000.0, 12000000.0]
alg4, 0.8446304798126221, 0.0, 0.0, 0.0, 4, 12, 0.0, 0.0, 3.0, [14000000, 14000000, 8000000, 8000000, 18000000, 4000000, 10000000, 12000000, 12000000, 12000000], [14000000, 14000000.0, 8000000, 8000000, 18000000.0, 4000000, 10000000, 12000000.0, 12000000, 12000000]
