number_of_data_stored,total_storage_used,best_upload_time,best_read_time,size_stored
1038686,148167814.478982,2702517.477057,5726104.146179,121611956.683367
