number_of_data_stored,total_storage_used,best_upload_time,best_read_time,size_stored
1039250,173828392.976418,3530365.097097,5711074.667377,121679875.083476
