number_of_data_stored,total_storage_used,best_upload_time,best_read_time,size_stored
20680,1176608907.006917,21762066.672363,41557712.509244,928250990.263583
