number_of_data_stored,total_storage_used,best_upload_time,best_read_time,size_stored
1039250,155672791.629586,2695644.117399,50446231.101459,121679875.083476
