number_of_data_stored,total_storage_used,best_upload_time,best_read_time,size_stored
1038686,193154183.143589,3390637.371638,5731134.464742,121611956.683367
