number_of_data_stored,total_storage_used,best_upload_time,best_read_time,size_stored
1039250,243359750.166953,4280037.067297,5776351.395675,121679875.083476
